SONGDATA001,QUICK RECORD
SONGDATA002,Classical
SONGDATA003,Ragtime Piano Rolls
SONGDATA004,Jazz Piano Rolls
SONGDATA005,Jazz Standards
SONGDATA006,Bach
SONGDATA007,Bartok
SONGDATA008,Beethoven
SONGDATA009,Brahms
SONGDATA010,Chopin
SONGDATA011,Debussy
SONGDATA012,Gershwin
SONGDATA013,Grieg
SONGDATA014,Haydn
SONGDATA015,Hindemith
SONGDATA016,Janacek
SONGDATA017,Liszt
SONGDATA018,Mendelssohn
SONGDATA019,Mozart
SONGDATA020,Mussorgsky
SONGDATA021,Rachmaninoff
SONGDATA022,Ravel
SONGDATA023,Satie
SONGDATA024,Schoenberg
SONGDATA025,Schubert
SONGDATA026,Schumann
SONGDATA027,Tchaikovsky
