,Library Name
01MENEUT,Menuet Antique 1895
02PAVANE,Pavane Dead Princess
03JEUX,Jeux d'eau 1901
04SONATI,Sonatine 1905
05HAYDN,Menuet sur d'Haydn
06BORODI,Maniere de Borodin
07CHABRI,Maniere de Chabrier
08PRELUD,Prelude 1913
09_MIR-1,Miroirs 1 Moths
10_MIR-2,M2 Sad Birds
11_MIR-3,M3 Boat on the Ocean
12_MIR-4,M4 Jesters Alborada
13_MIR-5,M5 Valley of Bells
14_MMLO1,MMLO Sleeping Beauty
15_MML02,MMLO Tom Thumb
16_MML03,MMLO Empress Pagodas
17_MMLO4,MMLO Beauty & Beast
18_MMLO5,MMLO Fairy Garden
19_VALSE,La Valse
20_VNS,Valse Nobles Sentime
TDC-1,TDC 1:Prelude
TDC-2,TDC 2:Fugue
TDC-3,TDC 3:Forlane
TDC-4,TDC 4:Rigaudon
TDC-5,TDC 5:Menuet
TDC-6,TDC 6:Toccata
